,iter,nodes,error_T0,error_T1
0,20.0,1500.0,0.46391407,0.45329404
1,20.0,3000.0,0.4141361,0.40094075
2,20.0,4500.0,0.37310153,0.3675232
3,20.0,6000.0,0.3551842,0.3509871
4,20.0,7500.0,0.35123557,0.35110164
5,20.0,9000.0,0.33380634,0.32139105
6,20.0,10500.0,0.32711872,0.31100255
7,20.0,12000.0,0.3139164,0.30719897
